"source","term_name","term_id","adjusted_p_value","negative_log10_of_adjusted_p_value","term_size","query_size","intersection_size","effective_domain_size","intersections"
"GO:CC","catalytic complex","GO:1902494","0.0073241969117327456","2.1352399881648023","1374","42","12","18797","BCKDK,FBXL19,INO80E,KCTD13,NSMCE1,PHKG2,POLR3E,PPP4C,RNF40,SETD1A,SRCAP,ZNF768"
"GO:CC","nuclear lumen","GO:0031981","0.01444957326510381","1.840144978606205","4142","42","21","18797","ARMC5,ATXN2L,CD2BP2,COG7,GTF3C1,HIRIP3,INO80E,JMJD5,KCTD13,KIF22,MAPK3,NSMCE1,POLR3E,PPP4C,PRR14,RNF40,SETD1A,SRCAP,TAOK2,XPO6,ZNF768"
"TF","Factor: ELF2; motif: CCCGGAARYN","TF:M02054","0.0006217479567925626","3.2063856332476903","3085","43","21","19916","ARMC5,C16ORF58,CD2BP2,CDIPT,COG7,EIF3CL,GTF3C1,HIRIP3,INO80E,KCTD13,KIAA0556,NSMCE1,PHKG2,PPP4C,RABEP2,SRCAP,STX4,TUFM,XPO6,ZNF646,ZNF668"
"TF","Factor: ELF2; motif: CCCGGAARYN; match class: 0","TF:M02054_0","0.0006217479567925626","3.2063856332476903","3085","43","21","19916","ARMC5,C16ORF58,CD2BP2,CDIPT,COG7,EIF3CL,GTF3C1,HIRIP3,INO80E,KCTD13,KIAA0556,NSMCE1,PHKG2,PPP4C,RABEP2,SRCAP,STX4,TUFM,XPO6,ZNF646,ZNF668"
"TF","Factor: Elk-1; motif: NNNNCCGGAARTNN; match class: 1","TF:M00025_1","0.0020603593734497493","2.686057022206594","4648","43","25","19916","ARMC5,ATXN2L,C16ORF58,CD2BP2,COG7,FBXL19,GTF3C1,HIRIP3,KIAA0556,KIF22,MAPK3,NSMCE1,PHKG2,PPP4C,PRR14,RABEP2,RNF40,SRCAP,STX4,TUFM,XPO6,ZNF629,ZNF646,ZNF668,ZNF688"
"TF","Factor: Erg; motif: ACCGGAAGTN; match class: 1","TF:M02062_1","0.002214054492685383","2.6548116943961717","2723","43","19","19916","ARMC5,ATXN2L,C16ORF58,CD2BP2,COG7,HIRIP3,KCTD13,KIF22,PHKG2,PPP4C,PRR14,RABEP2,RNF40,SRCAP,STX4,XPO6,ZNF646,ZNF668,ZNF688"
"TF","Factor: ETS1; motif: ACCGGAARYN; match class: 1","TF:M03977_1","0.002422458727888567","2.615743613411538","4686","43","25","19916","ARMC5,ATXN2L,C16ORF58,CD2BP2,CDIPT,COG7,FBXL19,GTF3C1,HIRIP3,KCTD13,KIAA0556,KIF22,PPP4C,PRR14,RABEP2,RNF40,SRCAP,STX4,TAOK2,TBC1D10B,XPO6,ZNF629,ZNF646,ZNF668,ZNF688"
"TF","Factor: YY2; motif: NCCGCCATNTY; match class: 0","TF:M03925_0","0.002453437533804609","2.61022499497645","4689","43","25","19916","ARMC5,ATXN2L,CD2BP2,COG7,EIF3CL,HIRIP3,INO80E,KIF22,MAPK3,MAZ,PHKG2,PPP4C,PRR14,RABEP2,RNF40,SEPHS2,SPNS1,STX4,TUFM,XPO6,ZNF646,ZNF668,ZNF688,ZNF764,ZNF768"
"TF","Factor: YY2; motif: NCCGCCATNTY","TF:M03925","0.002453437533804609","2.61022499497645","4689","43","25","19916","ARMC5,ATXN2L,CD2BP2,COG7,EIF3CL,HIRIP3,INO80E,KIF22,MAPK3,MAZ,PHKG2,PPP4C,PRR14,RABEP2,RNF40,SEPHS2,SPNS1,STX4,TUFM,XPO6,ZNF646,ZNF668,ZNF688,ZNF764,ZNF768"
"TF","Factor: NRF-1; motif: GCGCMTGCGCN","TF:M07052","0.008182222867345521","2.087128695365614","2113","43","16","19916","ATXN2L,GTF3C1,HIRIP3,INO80E,JMJD5,KCTD13,KIAA0556,MAZ,PHKG2,RNF40,SETD1A,SRCAP,TAOK2,TBC1D10B,ZNF646,ZNF668"
"TF","Factor: NRF-1; motif: GCGCMTGCGCN; match class: 0","TF:M07052_0","0.008182222867345521","2.087128695365614","2113","43","16","19916","ATXN2L,GTF3C1,HIRIP3,INO80E,JMJD5,KCTD13,KIAA0556,MAZ,PHKG2,RNF40,SETD1A,SRCAP,TAOK2,TBC1D10B,ZNF646,ZNF668"
"TF","Factor: E2F; motif: TTTCGCGC; match class: 0","TF:M00425_0","0.011156280032397948","1.9524805930973799","11178","43","38","19916","ARMC5,ATXN2L,BCKDK,BCL7C,C16ORF58,CDIPT,COG7,EIF3CL,GTF3C1,HIRIP3,INO80E,JMJD5,KCTD13,KIAA0556,KIF22,MAPK3,MAZ,NSMCE1,PHKG2,POLR3E,PPP4C,PRR14,RABEP2,RNF40,SEPHS2,SPNS1,SRCAP,STX4,TAOK2,TBC1D10B,TUFM,XPO6,ZNF48,ZNF629,ZNF646,ZNF668,ZNF764,ZNF768"
"TF","Factor: E2F; motif: TTTCGCGC","TF:M00425","0.011156280032397948","1.9524805930973799","11178","43","38","19916","ARMC5,ATXN2L,BCKDK,BCL7C,C16ORF58,CDIPT,COG7,EIF3CL,GTF3C1,HIRIP3,INO80E,JMJD5,KCTD13,KIAA0556,KIF22,MAPK3,MAZ,NSMCE1,PHKG2,POLR3E,PPP4C,PRR14,RABEP2,RNF40,SEPHS2,SPNS1,SRCAP,STX4,TAOK2,TBC1D10B,TUFM,XPO6,ZNF48,ZNF629,ZNF646,ZNF668,ZNF764,ZNF768"
"TF","Factor: E2F-3:HES-7; motif: NNNSGCGCSNNNNNCRCGYGNN; match class: 1","TF:M08526_1","0.014833668048179668","1.8287514439744128","15123","43","43","19916","ARMC5,ATXN2L,BCKDK,BCL7C,C16ORF58,CD2BP2,CDIPT,COG7,EIF3CL,FBRS,FBXL19,GTF3C1,HIRIP3,INO80E,JMJD5,KCTD13,KIAA0556,KIF22,MAPK3,MAZ,NSMCE1,PHKG2,POLR3E,PPP4C,PRR14,RABEP2,RNF40,SEPHS2,SETD1A,SPNS1,SRCAP,STX4,TAOK2,TBC1D10B,TUFM,XPO6,ZNF48,ZNF629,ZNF646,ZNF668,ZNF688,ZNF764,ZNF768"
"TF","Factor: NRF-1; motif: YGCGCMTGCGC; match class: 0","TF:M02102_0","0.022694135892775892","1.6440863489045503","2014","43","15","19916","ATXN2L,GTF3C1,HIRIP3,INO80E,JMJD5,KCTD13,KIAA0556,MAZ,PHKG2,SETD1A,SRCAP,TAOK2,TBC1D10B,ZNF646,ZNF668"
"TF","Factor: NRF-1; motif: YGCGCMTGCGC","TF:M02102","0.022694135892775892","1.6440863489045503","2014","43","15","19916","ATXN2L,GTF3C1,HIRIP3,INO80E,JMJD5,KCTD13,KIAA0556,MAZ,PHKG2,SETD1A,SRCAP,TAOK2,TBC1D10B,ZNF646,ZNF668"
"TF","Factor: GABPA; motif: ACCGGAAGTN","TF:M03990","0.025530715816718307","1.5929370085058674","5290","43","25","19916","ARMC5,BCKDK,C16ORF58,CD2BP2,CDIPT,COG7,EIF3CL,GTF3C1,HIRIP3,INO80E,KCTD13,KIAA0556,KIF22,NSMCE1,PHKG2,PPP4C,PRR14,RABEP2,RNF40,SRCAP,STX4,TUFM,XPO6,ZNF646,ZNF668"
"TF","Factor: GABPA; motif: ACCGGAAGTN; match class: 0","TF:M03990_0","0.025530715816718307","1.5929370085058674","5290","43","25","19916","ARMC5,BCKDK,C16ORF58,CD2BP2,CDIPT,COG7,EIF3CL,GTF3C1,HIRIP3,INO80E,KCTD13,KIAA0556,KIF22,NSMCE1,PHKG2,PPP4C,PRR14,RABEP2,RNF40,SRCAP,STX4,TUFM,XPO6,ZNF646,ZNF668"
"TF","Factor: E2F-1:HES-7; motif: GGCRCGTGSYNNWNGGCGCSM; match class: 1","TF:M08525_1","0.03446437129411576","1.462629639583452","15422","43","43","19916","ARMC5,ATXN2L,BCKDK,BCL7C,C16ORF58,CD2BP2,CDIPT,COG7,EIF3CL,FBRS,FBXL19,GTF3C1,HIRIP3,INO80E,JMJD5,KCTD13,KIAA0556,KIF22,MAPK3,MAZ,NSMCE1,PHKG2,POLR3E,PPP4C,PRR14,RABEP2,RNF40,SEPHS2,SETD1A,SPNS1,SRCAP,STX4,TAOK2,TBC1D10B,TUFM,XPO6,ZNF48,ZNF629,ZNF646,ZNF668,ZNF688,ZNF764,ZNF768"
"TF","Factor: c-Ets-2; motif: NCCGGAAGTG; match class: 0","TF:M08759_0","0.035303246312740164","1.4521853571933134","8381","43","32","19916","ARMC5,ATXN2L,BCKDK,C16ORF58,CD2BP2,CDIPT,COG7,EIF3CL,GTF3C1,HIRIP3,INO80E,KCTD13,KIAA0556,KIF22,NSMCE1,PHKG2,PPP4C,PRR14,RABEP2,RNF40,SEPHS2,SETD1A,SRCAP,STX4,TUFM,XPO6,ZNF629,ZNF646,ZNF668,ZNF688,ZNF764,ZNF768"
"TF","Factor: c-Ets-2; motif: NCCGGAAGTG","TF:M08759","0.035303246312740164","1.4521853571933134","8381","43","32","19916","ARMC5,ATXN2L,BCKDK,C16ORF58,CD2BP2,CDIPT,COG7,EIF3CL,GTF3C1,HIRIP3,INO80E,KCTD13,KIAA0556,KIF22,NSMCE1,PHKG2,PPP4C,PRR14,RABEP2,RNF40,SEPHS2,SETD1A,SRCAP,STX4,TUFM,XPO6,ZNF629,ZNF646,ZNF668,ZNF688,ZNF764,ZNF768"
"TF","Factor: ELK4; motif: NCRCTTCCGGN; match class: 0","TF:M07209_0","0.03968566495844757","1.4013663384183166","1124","43","11","19916","C16ORF58,CD2BP2,EIF3CL,HIRIP3,INO80E,NSMCE1,PPP4C,TUFM,XPO6,ZNF646,ZNF668"
"TF","Factor: ELK4; motif: NCRCTTCCGGN","TF:M07209","0.03968566495844757","1.4013663384183166","1124","43","11","19916","C16ORF58,CD2BP2,EIF3CL,HIRIP3,INO80E,NSMCE1,PPP4C,TUFM,XPO6,ZNF646,ZNF668"
"TF","Factor: Pet-1; motif: ACCGGAWRTN","TF:M02072","0.042184613330711454","1.3748459273344915","2400","43","16","19916","ARMC5,C16ORF58,CD2BP2,COG7,EIF3CL,GTF3C1,HIRIP3,INO80E,KIAA0556,NSMCE1,PHKG2,PPP4C,TUFM,XPO6,ZNF646,ZNF668"
"TF","Factor: Pet-1; motif: ACCGGAWRTN; match class: 0","TF:M02072_0","0.042184613330711454","1.3748459273344915","2400","43","16","19916","ARMC5,C16ORF58,CD2BP2,COG7,EIF3CL,GTF3C1,HIRIP3,INO80E,KIAA0556,NSMCE1,PHKG2,PPP4C,TUFM,XPO6,ZNF646,ZNF668"
"TF","Factor: GABP-ALPHA; motif: RCCGGAARTNN","TF:M08917","0.04889126174081607","1.3107687547180986","2722","43","17","19916","ARMC5,C16ORF58,CD2BP2,COG7,EIF3CL,GTF3C1,HIRIP3,INO80E,KIAA0556,NSMCE1,PHKG2,PPP4C,SRCAP,TUFM,XPO6,ZNF646,ZNF668"
"TF","Factor: GABP-ALPHA; motif: RCCGGAARTNN; match class: 0","TF:M08917_0","0.04889126174081607","1.3107687547180986","2722","43","17","19916","ARMC5,C16ORF58,CD2BP2,COG7,EIF3CL,GTF3C1,HIRIP3,INO80E,KIAA0556,NSMCE1,PHKG2,PPP4C,SRCAP,TUFM,XPO6,ZNF646,ZNF668"
"MIRNA","hsa-miR-324-5p","MIRNA:hsa-miR-324-5p","0.006482672359750087","2.1882459274867645","297","40","7","14743","ATXN2L,GTF3C1,MAZ,NSMCE1,TBC1D10B,TUFM,XPO6"
"MIRNA","hsa-miR-615-3p","MIRNA:hsa-miR-615-3p","0.048700587978789824","1.3124657953684788","891","40","10","14743","BCKDK,CD2BP2,FBXL19,GTF3C1,MAZ,PHKG2,PPP4C,SEPHS2,SRCAP,TUFM"
